customer_id,date,cumulative_paid,daily_change
C001,9/1/2025,316,null
C001,9/2/2025,618,302
C001,9/3/2025,892,274
C001,9/4/2025,892,0
C001,9/5/2025,892,0
C001,9/6/2025,1153,261
C001,9/7/2025,1300,147
C001,9/8/2025,1695,395
C001,9/9/2025,1866,171
C001,9/10/2025,1866,0
C001,9/11/2025,2241,375
C001,9/12/2025,2476,235
C001,9/13/2025,2587,111
C001,9/14/2025,2749,162
C001,9/15/2025,2749,0
C001,9/16/2025,2749,0
C001,9/17/2025,2922,173
C001,9/18/2025,2922,0
C001,9/19/2025,2922,0
C001,9/20/2025,3138,216
C001,9/21/2025,3138,0
C001,9/22/2025,3342,204
C001,9/23/2025,3580,238
C001,9/24/2025,3580,0
C001,9/25/2025,3580,0
C001,9/26/2025,3580,0
C001,9/27/2025,3840,260
C001,9/28/2025,4164,324
C001,9/29/2025,4470,306
C001,9/30/2025,4616,146
C001,10/1/2025,4616,0
C001,10/2/2025,4616,0
C001,10/3/2025,5066,450
C001,10/4/2025,5395,329
C001,10/5/2025,5395,0
C001,10/6/2025,5395,0
C001,10/7/2025,5841,446
C001,10/8/2025,6209,368
C001,10/9/2025,6209,0
C001,10/10/2025,6209,0
C001,10/11/2025,6304,95
C001,10/12/2025,6683,379
C001,10/13/2025,7018,335
C001,10/14/2025,7243,225
C001,10/15/2025,7243,0
C001,10/16/2025,7572,329
C001,10/17/2025,7572,0
C001,10/18/2025,7572,0
C001,10/19/2025,7572,0
C001,10/20/2025,7786,214
C001,10/21/2025,8104,318
C001,10/22/2025,8413,309
C001,10/23/2025,8413,0
C001,10/24/2025,8521,108
C001,10/25/2025,8612,91
C001,10/26/2025,8783,171
C001,10/27/2025,8783,0
C001,10/28/2025,9170,387
C001,10/29/2025,9477,307
C001,10/30/2025,9477,0
C002,9/1/2025,201,null
C002,9/2/2025,407,206
C002,9/3/2025,754,347
C002,9/4/2025,1119,365
C002,9/5/2025,1461,342
C002,9/6/2025,1766,305
C002,9/7/2025,2134,368
C002,9/8/2025,2134,0
C002,9/9/2025,2134,0
C002,9/10/2025,2271,137
C002,9/11/2025,2392,121
C002,9/12/2025,2392,0
C002,9/13/2025,2788,396
C002,9/14/2025,2916,128
C002,9/15/2025,2916,0
C002,9/16/2025,2916,0
C002,9/17/2025,2916,0
C002,9/18/2025,2916,0
C002,9/19/2025,2916,0
C002,9/20/2025,2916,0
C002,9/21/2025,3182,266
C002,9/22/2025,3182,0
C002,9/23/2025,3182,0
C002,9/24/2025,3182,0
C002,9/25/2025,3443,261
C002,9/26/2025,3545,102
C002,9/27/2025,3929,384
C002,9/28/2025,3929,0
C002,9/29/2025,4111,182
C002,9/30/2025,4111,0
C002,10/1/2025,4431,320
C002,10/2/2025,4764,333
C002,10/3/2025,4764,0
C002,10/4/2025,5196,432
C002,10/5/2025,5566,370
C002,10/6/2025,5566,0
C002,10/7/2025,5856,290
C002,10/8/2025,6286,430
C002,10/9/2025,6286,0
C002,10/10/2025,6414,128
C002,10/11/2025,6593,179
C002,10/12/2025,6890,297
C002,10/13/2025,7066,176
C002,10/14/2025,7327,261
C002,10/15/2025,7327,0
C002,10/16/2025,7680,353
C002,10/17/2025,7680,0
C002,10/18/2025,7882,202
C002,10/19/2025,8157,275
C002,10/20/2025,8459,302
C002,10/21/2025,8769,310
C002,10/22/2025,9096,327
C002,10/23/2025,9276,180
C002,10/24/2025,9444,168
C002,10/25/2025,9587,143
C002,10/26/2025,9724,137
C002,10/27/2025,9855,131
C002,10/28/2025,9855,0
C002,10/29/2025,9855,0
C002,10/30/2025,9855,0
C003,9/1/2025,321,null
C003,9/2/2025,667,346
C003,9/3/2025,1023,356
C003,9/4/2025,1285,262
C003,9/5/2025,1534,249
C003,9/6/2025,1534,0
C003,9/7/2025,1963,429
C003,9/8/2025,1963,0
C003,9/9/2025,2190,227
C003,9/10/2025,2632,442
C003,9/11/2025,2879,247
C003,9/12/2025,3005,126
C003,9/13/2025,3383,378
C003,9/14/2025,3383,0
C003,9/15/2025,3828,445
C003,9/16/2025,4211,383
C003,9/17/2025,4651,440
C003,9/18/2025,5058,407
C003,9/19/2025,5253,195
C003,9/20/2025,5253,0
C003,9/21/2025,5415,162
C003,9/22/2025,5415,0
C003,9/23/2025,5415,0
C003,9/24/2025,5415,0
C003,9/25/2025,5806,391
C003,9/26/2025,5806,0
C003,9/27/2025,6102,296
C003,9/28/2025,6455,353
C003,9/29/2025,6835,380
C003,9/30/2025,6835,0
C003,10/1/2025,7063,228
C003,10/2/2025,7063,0
C003,10/3/2025,7171,108
C003,10/4/2025,7272,101
C003,10/5/2025,7272,0
C003,10/6/2025,7525,253
C003,10/7/2025,7692,167
C003,10/8/2025,7692,0
C003,10/9/2025,7692,0
C003,10/10/2025,7827,135
C003,10/11/2025,8065,238
C003,10/12/2025,8325,260
C003,10/13/2025,8609,284
C003,10/14/2025,9040,431
C003,10/15/2025,9365,325
C003,10/16/2025,9365,0
C003,10/17/2025,9573,208
C003,10/18/2025,9882,309
C003,10/19/2025,9882,0
C003,10/20/2025,9882,0
C003,10/21/2025,10187,305
C003,10/22/2025,10458,271
C003,10/23/2025,10815,357
C003,10/24/2025,11211,396
C003,10/25/2025,11211,0
C003,10/26/2025,11211,0
C003,10/27/2025,11211,0
C003,10/28/2025,11363,152
C003,10/29/2025,11363,0
C003,10/30/2025,11567,204
C004,9/1/2025,0,null
C004,9/2/2025,102,102
C004,9/3/2025,484,382
C004,9/4/2025,716,232
C004,9/5/2025,1135,419
C004,9/6/2025,1135,0
C004,9/7/2025,1135,0
C004,9/8/2025,1511,376
C004,9/9/2025,1729,218
C004,9/10/2025,1729,0
C004,9/11/2025,1891,162
C004,9/12/2025,2072,181
C004,9/13/2025,2512,440
C004,9/14/2025,2512,0
C004,9/15/2025,2512,0
C004,9/16/2025,2512,0
C004,9/17/2025,2841,329
C004,9/18/2025,2841,0
C004,9/19/2025,3029,188
C004,9/20/2025,3197,168
C004,9/21/2025,3614,417
C004,9/22/2025,3893,279
C004,9/23/2025,4146,253
C004,9/24/2025,4146,0
C004,9/25/2025,4146,0
C004,9/26/2025,4146,0
C004,9/27/2025,4146,0
C004,9/28/2025,4428,282
C004,9/29/2025,4530,102
C004,9/30/2025,4530,0
C004,10/1/2025,4530,0
C004,10/2/2025,4752,222
C004,10/3/2025,4752,0
C004,10/4/2025,4867,115
C004,10/5/2025,4867,0
C004,10/6/2025,4986,119
C004,10/7/2025,4986,0
C004,10/8/2025,4986,0
C004,10/9/2025,5099,113
C004,10/10/2025,5454,355
C004,10/11/2025,5454,0
C004,10/12/2025,5454,0
C004,10/13/2025,5454,0
C004,10/14/2025,5674,220
C004,10/15/2025,5802,128
C004,10/16/2025,6189,387
C004,10/17/2025,6189,0
C004,10/18/2025,6372,183
C004,10/19/2025,6598,226
C004,10/20/2025,6997,399
C004,10/21/2025,7258,261
C004,10/22/2025,7582,324
C004,10/23/2025,8020,438
C004,10/24/2025,8310,290
C004,10/25/2025,8746,436
C004,10/26/2025,9154,408
C004,10/27/2025,9527,373
C004,10/28/2025,9527,0
C004,10/29/2025,9963,436
C004,10/30/2025,9963,0
C005,9/1/2025,293,null
C005,9/2/2025,462,169
C005,9/3/2025,834,372
C005,9/4/2025,1142,308
C005,9/5/2025,1298,156
C005,9/6/2025,1554,256
C005,9/7/2025,1794,240
C005,9/8/2025,1794,0
C005,9/9/2025,2241,447
C005,9/10/2025,2436,195
C005,9/11/2025,2824,388
C005,9/12/2025,2824,0
C005,9/13/2025,2997,173
C005,9/14/2025,3217,220
C005,9/15/2025,3217,0
C005,9/16/2025,3217,0
C005,9/17/2025,3585,368
C005,9/18/2025,3783,198
C005,9/19/2025,3783,0
C005,9/20/2025,3901,118
C005,9/21/2025,4262,361
C005,9/22/2025,4262,0
C005,9/23/2025,4455,193
C005,9/24/2025,4609,154
C005,9/25/2025,4701,92
C005,9/26/2025,5007,306
C005,9/27/2025,5007,0
C005,9/28/2025,5288,281
C005,9/29/2025,5693,405
C005,9/30/2025,5902,209
C005,10/1/2025,6323,421
C005,10/2/2025,6606,283
C005,10/3/2025,6712,106
C005,10/4/2025,7036,324
C005,10/5/2025,7282,246
C005,10/6/2025,7282,0
C005,10/7/2025,7544,262
C005,10/8/2025,7963,419
C005,10/9/2025,8318,355
C005,10/10/2025,8318,0
C005,10/11/2025,8318,0
C005,10/12/2025,8429,111
C005,10/13/2025,8429,0
C005,10/14/2025,8429,0
C005,10/15/2025,8429,0
C005,10/16/2025,8683,254
C005,10/17/2025,9114,431
C005,10/18/2025,9482,368
C005,10/19/2025,9482,0
C005,10/20/2025,9482,0
C005,10/21/2025,9624,142
C005,10/22/2025,9988,364
C005,10/23/2025,9988,0
C005,10/24/2025,9988,0
C005,10/25/2025,10410,422
C005,10/26/2025,10568,158
C005,10/27/2025,10768,200
C005,10/28/2025,10935,167
C005,10/29/2025,11225,290
C005,10/30/2025,11225,0
C006,9/1/2025,126,null
C006,9/2/2025,457,331
C006,9/3/2025,905,448
C006,9/4/2025,1320,415
C006,9/5/2025,1491,171
C006,9/6/2025,1693,202
C006,9/7/2025,1868,175
C006,9/8/2025,2261,393
C006,9/9/2025,2261,0
C006,9/10/2025,2484,223
C006,9/11/2025,2586,102
C006,9/12/2025,2931,345
C006,9/13/2025,3112,181
C006,9/14/2025,3451,339
C006,9/15/2025,3883,432
C006,9/16/2025,3985,102
C006,9/17/2025,4417,432
C006,9/18/2025,4742,325
C006,9/19/2025,4742,0
C006,9/20/2025,4997,255
C006,9/21/2025,5124,127
C006,9/22/2025,5393,269
C006,9/23/2025,5556,163
C006,9/24/2025,5556,0
C006,9/25/2025,5914,358
C006,9/26/2025,6177,263
C006,9/27/2025,6177,0
C006,9/28/2025,6579,402
C006,9/29/2025,6970,391
C006,9/30/2025,6970,0
C006,10/1/2025,7228,258
C006,10/2/2025,7499,271
C006,10/3/2025,7878,379
C006,10/4/2025,7878,0
C006,10/5/2025,8153,275
C006,10/6/2025,8254,101
C006,10/7/2025,8681,427
C006,10/8/2025,9017,336
C006,10/9/2025,9017,0
C006,10/10/2025,9328,311
C006,10/11/2025,9328,0
C006,10/12/2025,9695,367
C006,10/13/2025,9897,202
C006,10/14/2025,9897,0
C006,10/15/2025,10338,441
C006,10/16/2025,10434,96
C006,10/17/2025,10688,254
C006,10/18/2025,10890,202
C006,10/19/2025,10890,0
C006,10/20/2025,11142,252
C006,10/21/2025,11238,96
C006,10/22/2025,11238,0
C006,10/23/2025,11473,235
C006,10/24/2025,11741,268
C006,10/25/2025,11741,0
C006,10/26/2025,11968,227
C006,10/27/2025,12412,444
C006,10/28/2025,12725,313
C006,10/29/2025,12946,221
C006,10/30/2025,12946,0
C007,9/1/2025,270,null
C007,9/2/2025,270,0
C007,9/3/2025,568,298
C007,9/4/2025,568,0
C007,9/5/2025,842,274
C007,9/6/2025,842,0
C007,9/7/2025,1211,369
C007,9/8/2025,1630,419
C007,9/9/2025,1956,326
C007,9/10/2025,2289,333
C007,9/11/2025,2441,152
C007,9/12/2025,2441,0
C007,9/13/2025,2839,398
C007,9/14/2025,2991,152
C007,9/15/2025,3361,370
C007,9/16/2025,3632,271
C007,9/17/2025,4039,407
C007,9/18/2025,4332,293
C007,9/19/2025,4501,169
C007,9/20/2025,4822,321
C007,9/21/2025,5227,405
C007,9/22/2025,5402,175
C007,9/23/2025,5402,0
C007,9/24/2025,5825,423
C007,9/25/2025,6046,221
C007,9/26/2025,6296,250
C007,9/27/2025,6296,0
C007,9/28/2025,6296,0
C007,9/29/2025,6296,0
C007,9/30/2025,6648,352
C007,10/1/2025,7031,383
C007,10/2/2025,7403,372
C007,10/3/2025,7403,0
C007,10/4/2025,7703,300
C007,10/5/2025,7807,104
C007,10/6/2025,8074,267
C007,10/7/2025,8416,342
C007,10/8/2025,8589,173
C007,10/9/2025,8727,138
C007,10/10/2025,8727,0
C007,10/11/2025,9090,363
C007,10/12/2025,9253,163
C007,10/13/2025,9253,0
C007,10/14/2025,9253,0
C007,10/15/2025,9576,323
C007,10/16/2025,9576,0
C007,10/17/2025,9576,0
C007,10/18/2025,9834,258
C007,10/19/2025,9969,135
C007,10/20/2025,10076,107
C007,10/21/2025,10076,0
C007,10/22/2025,10517,441
C007,10/23/2025,10517,0
C007,10/24/2025,10870,353
C007,10/25/2025,10998,128
C007,10/26/2025,10998,0
C007,10/27/2025,11194,196
C007,10/28/2025,11194,0
C007,10/29/2025,11300,106
C007,10/30/2025,11300,0
C008,9/1/2025,0,null
C008,9/2/2025,0,0
C008,9/3/2025,168,168
C008,9/4/2025,325,157
C008,9/5/2025,757,432
C008,9/6/2025,1198,441
C008,9/7/2025,1617,419
C008,9/8/2025,2036,419
C008,9/9/2025,2036,0
C008,9/10/2025,2469,433
C008,9/11/2025,2469,0
C008,9/12/2025,2469,0
C008,9/13/2025,2469,0
C008,9/14/2025,2469,0
C008,9/15/2025,2469,0
C008,9/16/2025,2814,345
C008,9/17/2025,2987,173
C008,9/18/2025,3231,244
C008,9/19/2025,3580,349
C008,9/20/2025,3715,135
C008,9/21/2025,4120,405
C008,9/22/2025,4120,0
C008,9/23/2025,4120,0
C008,9/24/2025,4120,0
C008,9/25/2025,4120,0
C008,9/26/2025,4120,0
C008,9/27/2025,4287,167
C008,9/28/2025,4287,0
C008,9/29/2025,4287,0
C008,9/30/2025,4517,230
C008,10/1/2025,4517,0
C008,10/2/2025,4649,132
C008,10/3/2025,4998,349
C008,10/4/2025,5362,364
C008,10/5/2025,5362,0
C008,10/6/2025,5362,0
C008,10/7/2025,5623,261
C008,10/8/2025,5623,0
C008,10/9/2025,5920,297
C008,10/10/2025,6284,364
C008,10/11/2025,6444,160
C008,10/12/2025,6777,333
C008,10/13/2025,6920,143
C008,10/14/2025,7109,189
C008,10/15/2025,7109,0
C008,10/16/2025,7518,409
C008,10/17/2025,7518,0
C008,10/18/2025,7753,235
C008,10/19/2025,8168,415
C008,10/20/2025,8168,0
C008,10/21/2025,8509,341
C008,10/22/2025,8890,381
C008,10/23/2025,9190,300
C008,10/24/2025,9446,256
C008,10/25/2025,9888,442
C008,10/26/2025,10288,400
C008,10/27/2025,10482,194
C008,10/28/2025,10924,442
C008,10/29/2025,10924,0
C008,10/30/2025,11169,245
C009,9/1/2025,232,null
C009,9/2/2025,403,171
C009,9/3/2025,498,95
C009,9/4/2025,910,412
C009,9/5/2025,1034,124
C009,9/6/2025,1470,436
C009,9/7/2025,1470,0
C009,9/8/2025,1863,393
C009,9/9/2025,1863,0
C009,9/10/2025,2132,269
C009,9/11/2025,2394,262
C009,9/12/2025,2772,378
C009,9/13/2025,2909,137
C009,9/14/2025,2909,0
C009,9/15/2025,3283,374
C009,9/16/2025,3534,251
C009,9/17/2025,3534,0
C009,9/18/2025,3977,443
C009,9/19/2025,4067,90
C009,9/20/2025,4273,206
C009,9/21/2025,4273,0
C009,9/22/2025,4374,101
C009,9/23/2025,4374,0
C009,9/24/2025,4467,93
C009,9/25/2025,4467,0
C009,9/26/2025,4467,0
C009,9/27/2025,4769,302
C009,9/28/2025,4967,198
C009,9/29/2025,5196,229
C009,9/30/2025,5411,215
C009,10/1/2025,5849,438
C009,10/2/2025,5849,0
C009,10/3/2025,5849,0
C009,10/4/2025,6028,179
C009,10/5/2025,6418,390
C009,10/6/2025,6714,296
C009,10/7/2025,6858,144
C009,10/8/2025,6858,0
C009,10/9/2025,7003,145
C009,10/10/2025,7003,0
C009,10/11/2025,7003,0
C009,10/12/2025,7003,0
C009,10/13/2025,7221,218
C009,10/14/2025,7412,191
C009,10/15/2025,7846,434
C009,10/16/2025,7984,138
C009,10/17/2025,7984,0
C009,10/18/2025,8210,226
C009,10/19/2025,8496,286
C009,10/20/2025,8767,271
C009,10/21/2025,9004,237
C009,10/22/2025,9185,181
C009,10/23/2025,9423,238
C009,10/24/2025,9597,174
C009,10/25/2025,9597,0
C009,10/26/2025,10042,445
C009,10/27/2025,10177,135
C009,10/28/2025,10286,109
C009,10/29/2025,10484,198
C009,10/30/2025,10484,0
C010,9/1/2025,237,null
C010,9/2/2025,651,414
C010,9/3/2025,1068,417
C010,9/4/2025,1409,341
C010,9/5/2025,1525,116
C010,9/6/2025,1665,140
C010,9/7/2025,1665,0
C010,9/8/2025,2043,378
C010,9/9/2025,2492,449
C010,9/10/2025,2715,223
C010,9/11/2025,2835,120
C010,9/12/2025,3263,428
C010,9/13/2025,3547,284
C010,9/14/2025,3852,305
C010,9/15/2025,3852,0
C010,9/16/2025,3852,0
C010,9/17/2025,3852,0
C010,9/18/2025,3852,0
C010,9/19/2025,4135,283
C010,9/20/2025,4485,350
C010,9/21/2025,4485,0
C010,9/22/2025,4715,230
C010,9/23/2025,5072,357
C010,9/24/2025,5222,150
C010,9/25/2025,5597,375
C010,9/26/2025,6032,435
C010,9/27/2025,6032,0
C010,9/28/2025,6032,0
C010,9/29/2025,6337,305
C010,9/30/2025,6443,106
C010,10/1/2025,6615,172
C010,10/2/2025,6963,348
C010,10/3/2025,7168,205
C010,10/4/2025,7521,353
C010,10/5/2025,7921,400
C010,10/6/2025,8171,250
C010,10/7/2025,8603,432
C010,10/8/2025,8603,0
C010,10/9/2025,8720,117
C010,10/10/2025,8864,144
C010,10/11/2025,8864,0
C010,10/12/2025,9202,338
C010,10/13/2025,9202,0
C010,10/14/2025,9550,348
C010,10/15/2025,9550,0
C010,10/16/2025,9721,171
C010,10/17/2025,10016,295
C010,10/18/2025,10120,104
C010,10/19/2025,10120,0
C010,10/20/2025,10376,256
C010,10/21/2025,10712,336
C010,10/22/2025,10932,220
C010,10/23/2025,11022,90
C010,10/24/2025,11022,0
C010,10/25/2025,11333,311
C010,10/26/2025,11746,413
C010,10/27/2025,11866,120
C010,10/28/2025,11866,0
C010,10/29/2025,12246,380
C010,10/30/2025,12381,135
C011,9/1/2025,0,null
C011,9/2/2025,0,0
C011,9/3/2025,333,333
C011,9/4/2025,333,0
C011,9/5/2025,461,128
C011,9/6/2025,461,0
C011,9/7/2025,778,317
C011,9/8/2025,1064,286
C011,9/9/2025,1352,288
C011,9/10/2025,1352,0
C011,9/11/2025,1352,0
C011,9/12/2025,1786,434
C011,9/13/2025,2190,404
C011,9/14/2025,2190,0
C011,9/15/2025,2190,0
C011,9/16/2025,2568,378
C011,9/17/2025,2568,0
C011,9/18/2025,2758,190
C011,9/19/2025,3097,339
C011,9/20/2025,3097,0
C011,9/21/2025,3394,297
C011,9/22/2025,3672,278
C011,9/23/2025,3672,0
C011,9/24/2025,3672,0
C011,9/25/2025,3902,230
C011,9/26/2025,4352,450
C011,9/27/2025,4727,375
C011,9/28/2025,4727,0
C011,9/29/2025,5045,318
C011,9/30/2025,5205,160
C011,10/1/2025,5366,161
C011,10/2/2025,5723,357
C011,10/3/2025,6155,432
C011,10/4/2025,6155,0
C011,10/5/2025,6155,0
C011,10/6/2025,6524,369
C011,10/7/2025,6842,318
C011,10/8/2025,7264,422
C011,10/9/2025,7596,332
C011,10/10/2025,7596,0
C011,10/11/2025,7978,382
C011,10/12/2025,8243,265
C011,10/13/2025,8488,245
C011,10/14/2025,8605,117
C011,10/15/2025,8704,99
C011,10/16/2025,8704,0
C011,10/17/2025,8704,0
C011,10/18/2025,9017,313
C011,10/19/2025,9321,304
C011,10/20/2025,9458,137
C011,10/21/2025,9687,229
C011,10/22/2025,9687,0
C011,10/23/2025,9845,158
C011,10/24/2025,10189,344
C011,10/25/2025,10189,0
C011,10/26/2025,10620,431
C011,10/27/2025,10909,289
C011,10/28/2025,10909,0
C011,10/29/2025,11161,252
C011,10/30/2025,11395,234
C012,9/1/2025,0,null
C012,9/2/2025,436,436
C012,9/3/2025,708,272
C012,9/4/2025,708,0
C012,9/5/2025,708,0
C012,9/6/2025,814,106
C012,9/7/2025,1097,283
C012,9/8/2025,1247,150
C012,9/9/2025,1353,106
C012,9/10/2025,1353,0
C012,9/11/2025,1578,225
C012,9/12/2025,1578,0
C012,9/13/2025,1578,0
C012,9/14/2025,1578,0
C012,9/15/2025,1989,411
C012,9/16/2025,1989,0
C012,9/17/2025,2223,234
C012,9/18/2025,2525,302
C012,9/19/2025,2525,0
C012,9/20/2025,2644,119
C012,9/21/2025,2644,0
C012,9/22/2025,2915,271
C012,9/23/2025,3068,153
C012,9/24/2025,3254,186
C012,9/25/2025,3681,427
C012,9/26/2025,3933,252
C012,9/27/2025,4383,450
C012,9/28/2025,4676,293
C012,9/29/2025,4676,0
C012,9/30/2025,4862,186
C012,10/1/2025,4862,0
C012,10/2/2025,4862,0
C012,10/3/2025,5007,145
C012,10/4/2025,5361,354
C012,10/5/2025,5568,207
C012,10/6/2025,5568,0
C012,10/7/2025,5873,305
C012,10/8/2025,6245,372
C012,10/9/2025,6245,0
C012,10/10/2025,6589,344
C012,10/11/2025,6589,0
C012,10/12/2025,6910,321
C012,10/13/2025,7250,340
C012,10/14/2025,7403,153
C012,10/15/2025,7403,0
C012,10/16/2025,7680,277
C012,10/17/2025,7917,237
C012,10/18/2025,8258,341
C012,10/19/2025,8391,133
C012,10/20/2025,8663,272
C012,10/21/2025,9019,356
C012,10/22/2025,9340,321
C012,10/23/2025,9340,0
C012,10/24/2025,9340,0
C012,10/25/2025,9704,364
C012,10/26/2025,10151,447
C012,10/27/2025,10403,252
C012,10/28/2025,10704,301
C012,10/29/2025,10865,161
C012,10/30/2025,10865,0
C013,9/1/2025,418,null
C013,9/2/2025,724,306
C013,9/3/2025,724,0
C013,9/4/2025,724,0
C013,9/5/2025,859,135
C013,9/6/2025,1000,141
C013,9/7/2025,1000,0
C013,9/8/2025,1333,333
C013,9/9/2025,1768,435
C013,9/10/2025,1768,0
C013,9/11/2025,1768,0
C013,9/12/2025,2032,264
C013,9/13/2025,2367,335
C013,9/14/2025,2637,270
C013,9/15/2025,2850,213
C013,9/16/2025,3039,189
C013,9/17/2025,3175,136
C013,9/18/2025,3291,116
C013,9/19/2025,3614,323
C013,9/20/2025,3818,204
C013,9/21/2025,3912,94
C013,9/22/2025,4247,335
C013,9/23/2025,4386,139
C013,9/24/2025,4386,0
C013,9/25/2025,4589,203
C013,9/26/2025,4589,0
C013,9/27/2025,4867,278
C013,9/28/2025,5284,417
C013,9/29/2025,5284,0
C013,9/30/2025,5532,248
C013,10/1/2025,5652,120
C013,10/2/2025,6072,420
C013,10/3/2025,6072,0
C013,10/4/2025,6200,128
C013,10/5/2025,6484,284
C013,10/6/2025,6790,306
C013,10/7/2025,7223,433
C013,10/8/2025,7456,233
C013,10/9/2025,7900,444
C013,10/10/2025,8053,153
C013,10/11/2025,8347,294
C013,10/12/2025,8526,179
C013,10/13/2025,8731,205
C013,10/14/2025,9053,322
C013,10/15/2025,9445,392
C013,10/16/2025,9621,176
C013,10/17/2025,9871,250
C013,10/18/2025,9871,0
C013,10/19/2025,10167,296
C013,10/20/2025,10167,0
C013,10/21/2025,10611,444
C013,10/22/2025,10945,334
C013,10/23/2025,11050,105
C013,10/24/2025,11443,393
C013,10/25/2025,11820,377
C013,10/26/2025,12028,208
C013,10/27/2025,12311,283
C013,10/28/2025,12463,152
C013,10/29/2025,12837,374
C013,10/30/2025,12837,0
C014,9/1/2025,195,null
C014,9/2/2025,195,0
C014,9/3/2025,447,252
C014,9/4/2025,686,239
C014,9/5/2025,686,0
C014,9/6/2025,686,0
C014,9/7/2025,816,130
C014,9/8/2025,1177,361
C014,9/9/2025,1177,0
C014,9/10/2025,1281,104
C014,9/11/2025,1729,448
C014,9/12/2025,1729,0
C014,9/13/2025,1729,0
C014,9/14/2025,1974,245
C014,9/15/2025,1974,0
C014,9/16/2025,2140,166
C014,9/17/2025,2140,0
C014,9/18/2025,2584,444
C014,9/19/2025,2842,258
C014,9/20/2025,3037,195
C014,9/21/2025,3037,0
C014,9/22/2025,3435,398
C014,9/23/2025,3754,319
C014,9/24/2025,4167,413
C014,9/25/2025,4606,439
C014,9/26/2025,4841,235
C014,9/27/2025,4841,0
C014,9/28/2025,5098,257
C014,9/29/2025,5226,128
C014,9/30/2025,5226,0
C014,10/1/2025,5417,191
C014,10/2/2025,5539,122
C014,10/3/2025,5712,173
C014,10/4/2025,5837,125
C014,10/5/2025,6267,430
C014,10/6/2025,6267,0
C014,10/7/2025,6492,225
C014,10/8/2025,6787,295
C014,10/9/2025,7148,361
C014,10/10/2025,7148,0
C014,10/11/2025,7307,159
C014,10/12/2025,7307,0
C014,10/13/2025,7663,356
C014,10/14/2025,7663,0
C014,10/15/2025,7663,0
C014,10/16/2025,7954,291
C014,10/17/2025,8233,279
C014,10/18/2025,8405,172
C014,10/19/2025,8405,0
C014,10/20/2025,8589,184
C014,10/21/2025,8589,0
C014,10/22/2025,8589,0
C014,10/23/2025,8842,253
C014,10/24/2025,9091,249
C014,10/25/2025,9369,278
C014,10/26/2025,9369,0
C014,10/27/2025,9819,450
C014,10/28/2025,10181,362
C014,10/29/2025,10401,220
C014,10/30/2025,10711,310
C015,9/1/2025,328,null
C015,9/2/2025,449,121
C015,9/3/2025,449,0
C015,9/4/2025,675,226
C015,9/5/2025,964,289
C015,9/6/2025,1219,255
C015,9/7/2025,1537,318
C015,9/8/2025,1649,112
C015,9/9/2025,1649,0
C015,9/10/2025,2020,371
C015,9/11/2025,2287,267
C015,9/12/2025,2527,240
C015,9/13/2025,2719,192
C015,9/14/2025,2719,0
C015,9/15/2025,2719,0
C015,9/16/2025,3088,369
C015,9/17/2025,3088,0
C015,9/18/2025,3533,445
C015,9/19/2025,3668,135
C015,9/20/2025,3848,180
C015,9/21/2025,3848,0
C015,9/22/2025,3848,0
C015,9/23/2025,3982,134
C015,9/24/2025,4411,429
C015,9/25/2025,4411,0
C015,9/26/2025,4411,0
C015,9/27/2025,4692,281
C015,9/28/2025,4820,128
C015,9/29/2025,5227,407
C015,9/30/2025,5596,369
C015,10/1/2025,5797,201
C015,10/2/2025,5909,112
C015,10/3/2025,6203,294
C015,10/4/2025,6203,0
C015,10/5/2025,6643,440
C015,10/6/2025,6643,0
C015,10/7/2025,6988,345
C015,10/8/2025,7357,369
C015,10/9/2025,7761,404
C015,10/10/2025,8045,284
C015,10/11/2025,8045,0
C015,10/12/2025,8045,0
C015,10/13/2025,8045,0
C015,10/14/2025,8270,225
C015,10/15/2025,8270,0
C015,10/16/2025,8653,383
C015,10/17/2025,8867,214
C015,10/18/2025,8961,94
C015,10/19/2025,9348,387
C015,10/20/2025,9755,407
C015,10/21/2025,10052,297
C015,10/22/2025,10052,0
C015,10/23/2025,10390,338
C015,10/24/2025,10530,140
C015,10/25/2025,10725,195
C015,10/26/2025,11020,295
C015,10/27/2025,11436,416
C015,10/28/2025,11436,0
C015,10/29/2025,11580,144
C015,10/30/2025,11580,0
C016,9/1/2025,131,null
C016,9/2/2025,131,0
C016,9/3/2025,131,0
C016,9/4/2025,509,378
C016,9/5/2025,948,439
C016,9/6/2025,1223,275
C016,9/7/2025,1223,0
C016,9/8/2025,1500,277
C016,9/9/2025,1664,164
C016,9/10/2025,2016,352
C016,9/11/2025,2284,268
C016,9/12/2025,2284,0
C016,9/13/2025,2284,0
C016,9/14/2025,2513,229
C016,9/15/2025,2918,405
C016,9/16/2025,3239,321
C016,9/17/2025,3239,0
C016,9/18/2025,3442,203
C016,9/19/2025,3442,0
C016,9/20/2025,3825,383
C016,9/21/2025,3980,155
C016,9/22/2025,3980,0
C016,9/23/2025,4310,330
C016,9/24/2025,4310,0
C016,9/25/2025,4487,177
C016,9/26/2025,4885,398
C016,9/27/2025,5155,270
C016,9/28/2025,5426,271
C016,9/29/2025,5554,128
C016,9/30/2025,5554,0
C016,10/1/2025,5674,120
C016,10/2/2025,5941,267
C016,10/3/2025,6090,149
C016,10/4/2025,6450,360
C016,10/5/2025,6601,151
C016,10/6/2025,6601,0
C016,10/7/2025,6601,0
C016,10/8/2025,6601,0
C016,10/9/2025,6879,278
C016,10/10/2025,6998,119
C016,10/11/2025,7141,143
C016,10/12/2025,7361,220
C016,10/13/2025,7663,302
C016,10/14/2025,7873,210
C016,10/15/2025,8288,415
C016,10/16/2025,8624,336
C016,10/17/2025,8624,0
C016,10/18/2025,8624,0
C016,10/19/2025,8759,135
C016,10/20/2025,9010,251
C016,10/21/2025,9010,0
C016,10/22/2025,9010,0
C016,10/23/2025,9135,125
C016,10/24/2025,9553,418
C016,10/25/2025,9553,0
C016,10/26/2025,9553,0
C016,10/27/2025,9917,364
C016,10/28/2025,10152,235
C016,10/29/2025,10508,356
C016,10/30/2025,10508,0
C017,9/1/2025,189,null
C017,9/2/2025,189,0
C017,9/3/2025,462,273
C017,9/4/2025,713,251
C017,9/5/2025,899,186
C017,9/6/2025,1040,141
C017,9/7/2025,1040,0
C017,9/8/2025,1445,405
C017,9/9/2025,1445,0
C017,9/10/2025,1760,315
C017,9/11/2025,1868,108
C017,9/12/2025,2167,299
C017,9/13/2025,2167,0
C017,9/14/2025,2463,296
C017,9/15/2025,2850,387
C017,9/16/2025,2850,0
C017,9/17/2025,3157,307
C017,9/18/2025,3427,270
C017,9/19/2025,3681,254
C017,9/20/2025,3681,0
C017,9/21/2025,3681,0
C017,9/22/2025,3954,273
C017,9/23/2025,3954,0
C017,9/24/2025,3954,0
C017,9/25/2025,4272,318
C017,9/26/2025,4478,206
C017,9/27/2025,4570,92
C017,9/28/2025,4943,373
C017,9/29/2025,4943,0
C017,9/30/2025,5177,234
C017,10/1/2025,5548,371
C017,10/2/2025,5890,342
C017,10/3/2025,5890,0
C017,10/4/2025,5890,0
C017,10/5/2025,5890,0
C017,10/6/2025,5890,0
C017,10/7/2025,6094,204
C017,10/8/2025,6425,331
C017,10/9/2025,6425,0
C017,10/10/2025,6425,0
C017,10/11/2025,6515,90
C017,10/12/2025,6783,268
C017,10/13/2025,6783,0
C017,10/14/2025,6783,0
C017,10/15/2025,6996,213
C017,10/16/2025,6996,0
C017,10/17/2025,6996,0
C017,10/18/2025,6996,0
C017,10/19/2025,7092,96
C017,10/20/2025,7448,356
C017,10/21/2025,7635,187
C017,10/22/2025,7635,0
C017,10/23/2025,7987,352
C017,10/24/2025,8200,213
C017,10/25/2025,8200,0
C017,10/26/2025,8200,0
C017,10/27/2025,8585,385
C017,10/28/2025,8926,341
C017,10/29/2025,9210,284
C017,10/30/2025,9317,107
C018,9/1/2025,0,null
C018,9/2/2025,355,355
C018,9/3/2025,615,260
C018,9/4/2025,615,0
C018,9/5/2025,1038,423
C018,9/6/2025,1146,108
C018,9/7/2025,1326,180
C018,9/8/2025,1614,288
C018,9/9/2025,1614,0
C018,9/10/2025,1614,0
C018,9/11/2025,1614,0
C018,9/12/2025,1750,136
C018,9/13/2025,1939,189
C018,9/14/2025,1939,0
C018,9/15/2025,1939,0
C018,9/16/2025,2311,372
C018,9/17/2025,2311,0
C018,9/18/2025,2311,0
C018,9/19/2025,2311,0
C018,9/20/2025,2549,238
C018,9/21/2025,2659,110
C018,9/22/2025,2910,251
C018,9/23/2025,3208,298
C018,9/24/2025,3370,162
C018,9/25/2025,3370,0
C018,9/26/2025,3370,0
C018,9/27/2025,3370,0
C018,9/28/2025,3370,0
C018,9/29/2025,3679,309
C018,9/30/2025,3940,261
C018,10/1/2025,4092,152
C018,10/2/2025,4482,390
C018,10/3/2025,4609,127
C018,10/4/2025,4946,337
C018,10/5/2025,5286,340
C018,10/6/2025,5672,386
C018,10/7/2025,6015,343
C018,10/8/2025,6304,289
C018,10/9/2025,6304,0
C018,10/10/2025,6434,130
C018,10/11/2025,6434,0
C018,10/12/2025,6689,255
C018,10/13/2025,6874,185
C018,10/14/2025,7299,425
C018,10/15/2025,7299,0
C018,10/16/2025,7655,356
C018,10/17/2025,7905,250
C018,10/18/2025,7905,0
C018,10/19/2025,8320,415
C018,10/20/2025,8320,0
C018,10/21/2025,8653,333
C018,10/22/2025,8653,0
C018,10/23/2025,9024,371
C018,10/24/2025,9418,394
C018,10/25/2025,9717,299
C018,10/26/2025,10165,448
C018,10/27/2025,10514,349
C018,10/28/2025,10514,0
C018,10/29/2025,10701,187
C018,10/30/2025,10701,0
C019,9/1/2025,221,null
C019,9/2/2025,440,219
C019,9/3/2025,775,335
C019,9/4/2025,775,0
C019,9/5/2025,1108,333
C019,9/6/2025,1435,327
C019,9/7/2025,1680,245
C019,9/8/2025,1680,0
C019,9/9/2025,1926,246
C019,9/10/2025,2120,194
C019,9/11/2025,2248,128
C019,9/12/2025,2662,414
C019,9/13/2025,3101,439
C019,9/14/2025,3101,0
C019,9/15/2025,3525,424
C019,9/16/2025,3525,0
C019,9/17/2025,3912,387
C019,9/18/2025,4226,314
C019,9/19/2025,4226,0
C019,9/20/2025,4339,113
C019,9/21/2025,4696,357
C019,9/22/2025,4786,90
C019,9/23/2025,4965,179
C019,9/24/2025,5136,171
C019,9/25/2025,5339,203
C019,9/26/2025,5623,284
C019,9/27/2025,5855,232
C019,9/28/2025,5855,0
C019,9/29/2025,6180,325
C019,9/30/2025,6180,0
C019,10/1/2025,6625,445
C019,10/2/2025,6625,0
C019,10/3/2025,6798,173
C019,10/4/2025,6798,0
C019,10/5/2025,6798,0
C019,10/6/2025,6798,0
C019,10/7/2025,6798,0
C019,10/8/2025,6901,103
C019,10/9/2025,7152,251
C019,10/10/2025,7542,390
C019,10/11/2025,7542,0
C019,10/12/2025,7542,0
C019,10/13/2025,7942,400
C019,10/14/2025,8083,141
C019,10/15/2025,8467,384
C019,10/16/2025,8774,307
C019,10/17/2025,8774,0
C019,10/18/2025,8980,206
C019,10/19/2025,9348,368
C019,10/20/2025,9503,155
C019,10/21/2025,9503,0
C019,10/22/2025,9727,224
C019,10/23/2025,9919,192
C019,10/24/2025,9919,0
C019,10/25/2025,10323,404
C019,10/26/2025,10679,356
C019,10/27/2025,10963,284
C019,10/28/2025,11395,432
C019,10/29/2025,11395,0
C019,10/30/2025,11395,0
C020,9/1/2025,424,null
C020,9/2/2025,548,124
C020,9/3/2025,908,360
C020,9/4/2025,1186,278
C020,9/5/2025,1186,0
C020,9/6/2025,1186,0
C020,9/7/2025,1186,0
C020,9/8/2025,1186,0
C020,9/9/2025,1186,0
C020,9/10/2025,1186,0
C020,9/11/2025,1596,410
C020,9/12/2025,1824,228
C020,9/13/2025,1980,156
C020,9/14/2025,2322,342
C020,9/15/2025,2595,273
C020,9/16/2025,2595,0
C020,9/17/2025,2595,0
C020,9/18/2025,2865,270
C020,9/19/2025,3191,326
C020,9/20/2025,3191,0
C020,9/21/2025,3520,329
C020,9/22/2025,3736,216
C020,9/23/2025,3736,0
C020,9/24/2025,3736,0
C020,9/25/2025,3736,0
C020,9/26/2025,4165,429
C020,9/27/2025,4165,0
C020,9/28/2025,4579,414
C020,9/29/2025,5006,427
C020,9/30/2025,5139,133
C020,10/1/2025,5487,348
C020,10/2/2025,5822,335
C020,10/3/2025,6062,240
C020,10/4/2025,6330,268
C020,10/5/2025,6330,0
C020,10/6/2025,6330,0
C020,10/7/2025,6595,265
C020,10/8/2025,6894,299
C020,10/9/2025,7115,221
C020,10/10/2025,7115,0
C020,10/11/2025,7263,148
C020,10/12/2025,7527,264
C020,10/13/2025,7527,0
C020,10/14/2025,7527,0
C020,10/15/2025,7635,108
C020,10/16/2025,7964,329
C020,10/17/2025,8385,421
C020,10/18/2025,8606,221
C020,10/19/2025,8971,365
C020,10/20/2025,9218,247
C020,10/21/2025,9218,0
C020,10/22/2025,9218,0
C020,10/23/2025,9513,295
C020,10/24/2025,9773,260
C020,10/25/2025,9878,105
C020,10/26/2025,9878,0
C020,10/27/2025,10001,123
C020,10/28/2025,10001,0
C020,10/29/2025,10445,444
C020,10/30/2025,10707,262
C021,9/1/2025,0,null
C021,9/2/2025,380,380
C021,9/3/2025,801,421
C021,9/4/2025,1118,317
C021,9/5/2025,1227,109
C021,9/6/2025,1660,433
C021,9/7/2025,1957,297
C021,9/8/2025,2165,208
C021,9/9/2025,2377,212
C021,9/10/2025,2749,372
C021,9/11/2025,2749,0
C021,9/12/2025,2905,156
C021,9/13/2025,3049,144
C021,9/14/2025,3224,175
C021,9/15/2025,3224,0
C021,9/16/2025,3373,149
C021,9/17/2025,3636,263
C021,9/18/2025,3636,0
C021,9/19/2025,3966,330
C021,9/20/2025,4319,353
C021,9/21/2025,4571,252
C021,9/22/2025,5015,444
C021,9/23/2025,5015,0
C021,9/24/2025,5429,414
C021,9/25/2025,5721,292
C021,9/26/2025,6099,378
C021,9/27/2025,6527,428
C021,9/28/2025,6905,378
C021,9/29/2025,6905,0
C021,9/30/2025,7193,288
C021,10/1/2025,7575,382
C021,10/2/2025,7779,204
C021,10/3/2025,7779,0
C021,10/4/2025,7779,0
C021,10/5/2025,8106,327
C021,10/6/2025,8106,0
C021,10/7/2025,8523,417
C021,10/8/2025,8712,189
C021,10/9/2025,8712,0
C021,10/10/2025,8712,0
C021,10/11/2025,8712,0
C021,10/12/2025,9124,412
C021,10/13/2025,9124,0
C021,10/14/2025,9564,440
C021,10/15/2025,9830,266
C021,10/16/2025,9965,135
C021,10/17/2025,10290,325
C021,10/18/2025,10433,143
C021,10/19/2025,10821,388
C021,10/20/2025,11009,188
C021,10/21/2025,11319,310
C021,10/22/2025,11319,0
C021,10/23/2025,11319,0
C021,10/24/2025,11319,0
C021,10/25/2025,11435,116
C021,10/26/2025,11782,347
C021,10/27/2025,11782,0
C021,10/28/2025,11782,0
C021,10/29/2025,11782,0
C021,10/30/2025,12034,252
C022,9/1/2025,0,null
C022,9/2/2025,119,119
C022,9/3/2025,119,0
C022,9/4/2025,288,169
C022,9/5/2025,288,0
C022,9/6/2025,699,411
C022,9/7/2025,699,0
C022,9/8/2025,975,276
C022,9/9/2025,1215,240
C022,9/10/2025,1326,111
C022,9/11/2025,1440,114
C022,9/12/2025,1732,292
C022,9/13/2025,1732,0
C022,9/14/2025,1732,0
C022,9/15/2025,2034,302
C022,9/16/2025,2395,361
C022,9/17/2025,2395,0
C022,9/18/2025,2485,90
C022,9/19/2025,2723,238
C022,9/20/2025,3106,383
C022,9/21/2025,3106,0
C022,9/22/2025,3222,116
C022,9/23/2025,3379,157
C022,9/24/2025,3720,341
C022,9/25/2025,3720,0
C022,9/26/2025,4010,290
C022,9/27/2025,4010,0
C022,9/28/2025,4330,320
C022,9/29/2025,4708,378
C022,9/30/2025,4708,0
C022,10/1/2025,4956,248
C022,10/2/2025,5331,375
C022,10/3/2025,5331,0
C022,10/4/2025,5476,145
C022,10/5/2025,5476,0
C022,10/6/2025,5623,147
C022,10/7/2025,5718,95
C022,10/8/2025,6060,342
C022,10/9/2025,6186,126
C022,10/10/2025,6593,407
C022,10/11/2025,6593,0
C022,10/12/2025,6915,322
C022,10/13/2025,7113,198
C022,10/14/2025,7355,242
C022,10/15/2025,7679,324
C022,10/16/2025,8057,378
C022,10/17/2025,8200,143
C022,10/18/2025,8200,0
C022,10/19/2025,8433,233
C022,10/20/2025,8433,0
C022,10/21/2025,8635,202
C022,10/22/2025,8635,0
C022,10/23/2025,8635,0
C022,10/24/2025,8842,207
C022,10/25/2025,9229,387
C022,10/26/2025,9346,117
C022,10/27/2025,9779,433
C022,10/28/2025,9884,105
C022,10/29/2025,9986,102
C022,10/30/2025,10146,160
C023,9/1/2025,379,null
C023,9/2/2025,379,0
C023,9/3/2025,379,0
C023,9/4/2025,690,311
C023,9/5/2025,690,0
C023,9/6/2025,690,0
C023,9/7/2025,948,258
C023,9/8/2025,1153,205
C023,9/9/2025,1153,0
C023,9/10/2025,1375,222
C023,9/11/2025,1759,384
C023,9/12/2025,2016,257
C023,9/13/2025,2016,0
C023,9/14/2025,2274,258
C023,9/15/2025,2548,274
C023,9/16/2025,2548,0
C023,9/17/2025,2548,0
C023,9/18/2025,2803,255
C023,9/19/2025,2803,0
C023,9/20/2025,2803,0
C023,9/21/2025,2803,0
C023,9/22/2025,2909,106
C023,9/23/2025,2909,0
C023,9/24/2025,3115,206
C023,9/25/2025,3408,293
C023,9/26/2025,3408,0
C023,9/27/2025,3623,215
C023,9/28/2025,3977,354
C023,9/29/2025,4223,246
C023,9/30/2025,4388,165
C023,10/1/2025,4820,432
C023,10/2/2025,4820,0
C023,10/3/2025,5052,232
C023,10/4/2025,5312,260
C023,10/5/2025,5593,281
C023,10/6/2025,5593,0
C023,10/7/2025,5737,144
C023,10/8/2025,5737,0
C023,10/9/2025,6074,337
C023,10/10/2025,6474,400
C023,10/11/2025,6873,399
C023,10/12/2025,7269,396
C023,10/13/2025,7685,416
C023,10/14/2025,7909,224
C023,10/15/2025,8336,427
C023,10/16/2025,8665,329
C023,10/17/2025,8665,0
C023,10/18/2025,8665,0
C023,10/19/2025,8665,0
C023,10/20/2025,8665,0
C023,10/21/2025,8665,0
C023,10/22/2025,9014,349
C023,10/23/2025,9217,203
C023,10/24/2025,9628,411
C023,10/25/2025,10026,398
C023,10/26/2025,10026,0
C023,10/27/2025,10308,282
C023,10/28/2025,10623,315
C023,10/29/2025,11067,444
C023,10/30/2025,11406,339
C024,9/1/2025,342,null
C024,9/2/2025,342,0
C024,9/3/2025,342,0
C024,9/4/2025,342,0
C024,9/5/2025,492,150
C024,9/6/2025,687,195
C024,9/7/2025,687,0
C024,9/8/2025,1128,441
C024,9/9/2025,1261,133
C024,9/10/2025,1676,415
C024,9/11/2025,1784,108
C024,9/12/2025,1964,180
C024,9/13/2025,2113,149
C024,9/14/2025,2393,280
C024,9/15/2025,2575,182
C024,9/16/2025,2883,308
C024,9/17/2025,3130,247
C024,9/18/2025,3130,0
C024,9/19/2025,3130,0
C024,9/20/2025,3130,0
C024,9/21/2025,3130,0
C024,9/22/2025,3469,339
C024,9/23/2025,3563,94
C024,9/24/2025,3770,207
C024,9/25/2025,3921,151
C024,9/26/2025,4070,149
C024,9/27/2025,4224,154
C024,9/28/2025,4667,443
C024,9/29/2025,4836,169
C024,9/30/2025,5081,245
C024,10/1/2025,5081,0
C024,10/2/2025,5081,0
C024,10/3/2025,5345,264
C024,10/4/2025,5758,413
C024,10/5/2025,6170,412
C024,10/6/2025,6170,0
C024,10/7/2025,6425,255
C024,10/8/2025,6830,405
C024,10/9/2025,6830,0
C024,10/10/2025,7101,271
C024,10/11/2025,7237,136
C024,10/12/2025,7401,164
C024,10/13/2025,7830,429
C024,10/14/2025,7830,0
C024,10/15/2025,8163,333
C024,10/16/2025,8511,348
C024,10/17/2025,8668,157
C024,10/18/2025,8668,0
C024,10/19/2025,8829,161
C024,10/20/2025,9087,258
C024,10/21/2025,9087,0
C024,10/22/2025,9304,217
C024,10/23/2025,9448,144
C024,10/24/2025,9448,0
C024,10/25/2025,9898,450
C024,10/26/2025,9898,0
C024,10/27/2025,9898,0
C024,10/28/2025,10093,195
C024,10/29/2025,10340,247
C024,10/30/2025,10340,0
C025,9/1/2025,0,null
C025,9/2/2025,438,438
C025,9/3/2025,438,0
C025,9/4/2025,744,306
C025,9/5/2025,897,153
C025,9/6/2025,1038,141
C025,9/7/2025,1295,257
C025,9/8/2025,1511,216
C025,9/9/2025,1951,440
C025,9/10/2025,1951,0
C025,9/11/2025,2043,92
C025,9/12/2025,2341,298
C025,9/13/2025,2341,0
C025,9/14/2025,2527,186
C025,9/15/2025,2632,105
C025,9/16/2025,2827,195
C025,9/17/2025,3103,276
C025,9/18/2025,3103,0
C025,9/19/2025,3496,393
C025,9/20/2025,3712,216
C025,9/21/2025,3712,0
C025,9/22/2025,3971,259
C025,9/23/2025,4183,212
C025,9/24/2025,4183,0
C025,9/25/2025,4183,0
C025,9/26/2025,4624,441
C025,9/27/2025,4624,0
C025,9/28/2025,4624,0
C025,9/29/2025,4624,0
C025,9/30/2025,4768,144
C025,10/1/2025,4768,0
C025,10/2/2025,4768,0
C025,10/3/2025,5203,435
C025,10/4/2025,5371,168
C025,10/5/2025,5542,171
C025,10/6/2025,5632,90
C025,10/7/2025,5632,0
C025,10/8/2025,5847,215
C025,10/9/2025,5847,0
C025,10/10/2025,6053,206
C025,10/11/2025,6053,0
C025,10/12/2025,6372,319
C025,10/13/2025,6372,0
C025,10/14/2025,6766,394
C025,10/15/2025,7027,261
C025,10/16/2025,7278,251
C025,10/17/2025,7595,317
C025,10/18/2025,8032,437
C025,10/19/2025,8334,302
C025,10/20/2025,8730,396
C025,10/21/2025,9141,411
C025,10/22/2025,9503,362
C025,10/23/2025,9946,443
C025,10/24/2025,10232,286
C025,10/25/2025,10232,0
C025,10/26/2025,10471,239
C025,10/27/2025,10471,0
C025,10/28/2025,10825,354
C025,10/29/2025,11014,189
C025,10/30/2025,11118,104
C026,9/1/2025,327,null
C026,9/2/2025,418,91
C026,9/3/2025,795,377
C026,9/4/2025,1178,383
C026,9/5/2025,1178,0
C026,9/6/2025,1178,0
C026,9/7/2025,1592,414
C026,9/8/2025,1900,308
C026,9/9/2025,2262,362
C026,9/10/2025,2541,279
C026,9/11/2025,2541,0
C026,9/12/2025,2824,283
C026,9/13/2025,3245,421
C026,9/14/2025,3469,224
C026,9/15/2025,3901,432
C026,9/16/2025,4099,198
C026,9/17/2025,4419,320
C026,9/18/2025,4419,0
C026,9/19/2025,4419,0
C026,9/20/2025,4419,0
C026,9/21/2025,4602,183
C026,9/22/2025,4960,358
C026,9/23/2025,5218,258
C026,9/24/2025,5408,190
C026,9/25/2025,5408,0
C026,9/26/2025,5543,135
C026,9/27/2025,5543,0
C026,9/28/2025,5543,0
C026,9/29/2025,5543,0
C026,9/30/2025,5543,0
C026,10/1/2025,5963,420
C026,10/2/2025,6224,261
C026,10/3/2025,6440,216
C026,10/4/2025,6560,120
C026,10/5/2025,6560,0
C026,10/6/2025,6814,254
C026,10/7/2025,7135,321
C026,10/8/2025,7483,348
C026,10/9/2025,7483,0
C026,10/10/2025,7732,249
C026,10/11/2025,7732,0
C026,10/12/2025,7890,158
C026,10/13/2025,8229,339
C026,10/14/2025,8440,211
C026,10/15/2025,8829,389
C026,10/16/2025,9156,327
C026,10/17/2025,9156,0
C026,10/18/2025,9346,190
C026,10/19/2025,9730,384
C026,10/20/2025,9730,0
C026,10/21/2025,9837,107
C026,10/22/2025,10274,437
C026,10/23/2025,10274,0
C026,10/24/2025,10274,0
C026,10/25/2025,10601,327
C026,10/26/2025,10601,0
C026,10/27/2025,10927,326
C026,10/28/2025,10927,0
C026,10/29/2025,10927,0
C026,10/30/2025,11161,234
C027,9/1/2025,401,null
C027,9/2/2025,585,184
C027,9/3/2025,585,0
C027,9/4/2025,936,351
C027,9/5/2025,936,0
C027,9/6/2025,1208,272
C027,9/7/2025,1369,161
C027,9/8/2025,1369,0
C027,9/9/2025,1627,258
C027,9/10/2025,2077,450
C027,9/11/2025,2077,0
C027,9/12/2025,2287,210
C027,9/13/2025,2287,0
C027,9/14/2025,2419,132
C027,9/15/2025,2575,156
C027,9/16/2025,2708,133
C027,9/17/2025,3145,437
C027,9/18/2025,3145,0
C027,9/19/2025,3145,0
C027,9/20/2025,3400,255
C027,9/21/2025,3400,0
C027,9/22/2025,3786,386
C027,9/23/2025,4229,443
C027,9/24/2025,4229,0
C027,9/25/2025,4337,108
C027,9/26/2025,4337,0
C027,9/27/2025,4496,159
C027,9/28/2025,4496,0
C027,9/29/2025,4778,282
C027,9/30/2025,4886,108
C027,10/1/2025,5215,329
C027,10/2/2025,5215,0
C027,10/3/2025,5341,126
C027,10/4/2025,5585,244
C027,10/5/2025,5585,0
C027,10/6/2025,5585,0
C027,10/7/2025,5915,330
C027,10/8/2025,6308,393
C027,10/9/2025,6582,274
C027,10/10/2025,6987,405
C027,10/11/2025,6987,0
C027,10/12/2025,6987,0
C027,10/13/2025,6987,0
C027,10/14/2025,7255,268
C027,10/15/2025,7450,195
C027,10/16/2025,7450,0
C027,10/17/2025,7594,144
C027,10/18/2025,7758,164
C027,10/19/2025,8090,332
C027,10/20/2025,8090,0
C027,10/21/2025,8220,130
C027,10/22/2025,8528,308
C027,10/23/2025,8814,286
C027,10/24/2025,8814,0
C027,10/25/2025,8931,117
C027,10/26/2025,9147,216
C027,10/27/2025,9456,309
C027,10/28/2025,9719,263
C027,10/29/2025,10160,441
C027,10/30/2025,10363,203
C028,9/1/2025,191,null
C028,9/2/2025,191,0
C028,9/3/2025,191,0
C028,9/4/2025,390,199
C028,9/5/2025,390,0
C028,9/6/2025,648,258
C028,9/7/2025,800,152
C028,9/8/2025,956,156
C028,9/9/2025,956,0
C028,9/10/2025,1142,186
C028,9/11/2025,1270,128
C028,9/12/2025,1488,218
C028,9/13/2025,1850,362
C028,9/14/2025,1943,93
C028,9/15/2025,1943,0
C028,9/16/2025,1943,0
C028,9/17/2025,2069,126
C028,9/18/2025,2069,0
C028,9/19/2025,2362,293
C028,9/20/2025,2362,0
C028,9/21/2025,2662,300
C028,9/22/2025,2939,277
C028,9/23/2025,3269,330
C028,9/24/2025,3269,0
C028,9/25/2025,3269,0
C028,9/26/2025,3701,432
C028,9/27/2025,3701,0
C028,9/28/2025,3799,98
C028,9/29/2025,4249,450
C028,9/30/2025,4634,385
C028,10/1/2025,4825,191
C028,10/2/2025,4825,0
C028,10/3/2025,4825,0
C028,10/4/2025,5131,306
C028,10/5/2025,5131,0
C028,10/6/2025,5131,0
C028,10/7/2025,5521,390
C028,10/8/2025,5773,252
C028,10/9/2025,5872,99
C028,10/10/2025,6304,432
C028,10/11/2025,6720,416
C028,10/12/2025,7080,360
C028,10/13/2025,7326,246
C028,10/14/2025,7468,142
C028,10/15/2025,7634,166
C028,10/16/2025,7975,341
C028,10/17/2025,8205,230
C028,10/18/2025,8542,337
C028,10/19/2025,8982,440
C028,10/20/2025,9386,404
C028,10/21/2025,9784,398
C028,10/22/2025,9784,0
C028,10/23/2025,9784,0
C028,10/24/2025,10216,432
C028,10/25/2025,10605,389
C028,10/26/2025,11051,446
C028,10/27/2025,11190,139
C028,10/28/2025,11403,213
C028,10/29/2025,11403,0
C028,10/30/2025,11403,0
C029,9/1/2025,93,null
C029,9/2/2025,93,0
C029,9/3/2025,433,340
C029,9/4/2025,575,142
C029,9/5/2025,876,301
C029,9/6/2025,1195,319
C029,9/7/2025,1301,106
C029,9/8/2025,1301,0
C029,9/9/2025,1445,144
C029,9/10/2025,1717,272
C029,9/11/2025,2139,422
C029,9/12/2025,2563,424
C029,9/13/2025,2563,0
C029,9/14/2025,2721,158
C029,9/15/2025,2928,207
C029,9/16/2025,3089,161
C029,9/17/2025,3265,176
C029,9/18/2025,3504,239
C029,9/19/2025,3504,0
C029,9/20/2025,3630,126
C029,9/21/2025,3825,195
C029,9/22/2025,3825,0
C029,9/23/2025,3825,0
C029,9/24/2025,4197,372
C029,9/25/2025,4511,314
C029,9/26/2025,4812,301
C029,9/27/2025,4812,0
C029,9/28/2025,5195,383
C029,9/29/2025,5195,0
C029,9/30/2025,5467,272
C029,10/1/2025,5606,139
C029,10/2/2025,5853,247
C029,10/3/2025,5853,0
C029,10/4/2025,5853,0
C029,10/5/2025,5853,0
C029,10/6/2025,5853,0
C029,10/7/2025,6019,166
C029,10/8/2025,6280,261
C029,10/9/2025,6280,0
C029,10/10/2025,6725,445
C029,10/11/2025,6893,168
C029,10/12/2025,7130,237
C029,10/13/2025,7573,443
C029,10/14/2025,7677,104
C029,10/15/2025,8017,340
C029,10/16/2025,8365,348
C029,10/17/2025,8565,200
C029,10/18/2025,8565,0
C029,10/19/2025,8565,0
C029,10/20/2025,8565,0
C029,10/21/2025,8565,0
C029,10/22/2025,8993,428
C029,10/23/2025,9330,337
C029,10/24/2025,9330,0
C029,10/25/2025,9512,182
C029,10/26/2025,9512,0
C029,10/27/2025,9512,0
C029,10/28/2025,9877,365
C029,10/29/2025,10280,403
C029,10/30/2025,10280,0
C030,9/1/2025,197,null
C030,9/2/2025,633,436
C030,9/3/2025,633,0
C030,9/4/2025,791,158
C030,9/5/2025,986,195
C030,9/6/2025,1191,205
C030,9/7/2025,1562,371
C030,9/8/2025,1562,0
C030,9/9/2025,1562,0
C030,9/10/2025,1742,180
C030,9/11/2025,1842,100
C030,9/12/2025,2088,246
C030,9/13/2025,2450,362
C030,9/14/2025,2751,301
C030,9/15/2025,3147,396
C030,9/16/2025,3377,230
C030,9/17/2025,3377,0
C030,9/18/2025,3765,388
C030,9/19/2025,3958,193
C030,9/20/2025,3958,0
C030,9/21/2025,3958,0
C030,9/22/2025,4111,153
C030,9/23/2025,4263,152
C030,9/24/2025,4491,228
C030,9/25/2025,4593,102
C030,9/26/2025,4911,318
C030,9/27/2025,4911,0
C030,9/28/2025,5268,357
C030,9/29/2025,5369,101
C030,9/30/2025,5369,0
C030,10/1/2025,5786,417
C030,10/2/2025,5786,0
C030,10/3/2025,5896,110
C030,10/4/2025,5896,0
C030,10/5/2025,6336,440
C030,10/6/2025,6657,321
C030,10/7/2025,6657,0
C030,10/8/2025,6657,0
C030,10/9/2025,6657,0
C030,10/10/2025,6971,314
C030,10/11/2025,6971,0
C030,10/12/2025,7223,252
C030,10/13/2025,7635,412
C030,10/14/2025,7635,0
C030,10/15/2025,7635,0
C030,10/16/2025,7879,244
C030,10/17/2025,7879,0
C030,10/18/2025,8087,208
C030,10/19/2025,8363,276
C030,10/20/2025,8363,0
C030,10/21/2025,8572,209
C030,10/22/2025,8572,0
C030,10/23/2025,8833,261
C030,10/24/2025,9181,348
C030,10/25/2025,9181,0
C030,10/26/2025,9181,0
C030,10/27/2025,9473,292
C030,10/28/2025,9473,0
C030,10/29/2025,9834,361
C030,10/30/2025,10084,250
